category,orig_name,name,longitude,latitude,alley_capacity,jeep_count,average_time_arrival_mins,total_passenger,time_slot,orig_name.1
Market,BULUA MARKET,Bulua Market,458380.9845,941215.2832,4,15,7,27,8:00:00 am to 10:00:00 am,BULUA MARKET
Market,BULUA MARKET,Bulua Market,458380.9845,941215.2832,4,19,5,39,10:00:00 am to 12:00:00 pm,BULUA MARKET
Market,BULUA MARKET,Bulua Market,458380.9845,941215.2832,4,26,2,37,12:00:00 pm to 3:00:00 pm,BULUA MARKET
Market,BULUA MARKET,Bulua Market,458380.9845,941215.2832,4,18,4,46,3:00:00 pm to 5:00:00 pm,BULUA MARKET
Market,BULUA MARKET,Bulua Market,458380.9845,941215.2832,4,18,4,10,5:00:00 pm to 7:00:00 pm,BULUA MARKET
Market,CARMEN MARKET,Carmen Market,459844.9869,937764.0331,8,72,25,306,8:00:00 am to 10:00:00 am,CARMEN MARKET
Market,CARMEN MARKET,Carmen Market,459844.9869,937764.0331,8,93,30,246,10:00:00 am to 12:00:00 pm,CARMEN MARKET
Market,CARMEN MARKET,Carmen Market,459844.9869,937764.0331,8,111,45,350,12:00:00 pm to 3:00:00 pm,CARMEN MARKET
Market,CARMEN MARKET,Carmen Market,459844.9869,937764.0331,8,65,45,261,3:00:00 pm to 5:00:00 pm,CARMEN MARKET
Market,CARMEN MARKET,Carmen Market,459844.9869,937764.0331,8,54,60,261,5:00:00 pm to 7:00:00 pm,CARMEN MARKET
Market,COGON MARKET,Cogon Market,461473.1887,937471.0612,6,25,30,148,8:00:00 am to 10:00:00 am,COGON MARKET
Market,COGON MARKET,Cogon Market,461473.1887,937471.0612,6,25,33,146,10:00:00 am to 12:00:00 pm,COGON MARKET
Market,COGON MARKET,Cogon Market,461473.1887,937471.0612,6,25,44,217,12:00:00 pm to 3:00:00 pm,COGON MARKET
Market,COGON MARKET,Cogon Market,461473.1887,937471.0612,6,25,42,143,3:00:00 pm to 5:00:00 pm,COGON MARKET
Market,COGON MARKET,Cogon Market,461473.1887,937471.0612,6,25,29,69,5:00:00 pm to 7:00:00 pm,COGON MARKET
Market,SAVEMORE MARKET LAPASAN,Savemore Market Lapasan,462233.3003,938705.8363,5,31,26,52,8:00:00 am to 10:00:00 am,SAVEMORE MARKET LAPASAN
Market,SAVEMORE MARKET LAPASAN,Savemore Market Lapasan,462233.3003,938705.8363,5,37,27,67,10:00:00 am to 12:00:00 pm,SAVEMORE MARKET LAPASAN
Market,SAVEMORE MARKET LAPASAN,Savemore Market Lapasan,462233.3003,938705.8363,5,42,32,69,12:00:00 pm to 3:00:00 pm,SAVEMORE MARKET LAPASAN
Market,SAVEMORE MARKET LAPASAN,Savemore Market Lapasan,462233.3003,938705.8363,5,44,27,78,3:00:00 pm to 5:00:00 pm,SAVEMORE MARKET LAPASAN
Market,SAVEMORE MARKET LAPASAN,Savemore Market Lapasan,462233.3003,938705.8363,5,45,31,78,5:00:00 pm to 7:00:00 pm,SAVEMORE MARKET LAPASAN
Market,PUERTO PUBLIC MARKET,Puerto Public Market,472360.3831,939844.5926,6,24,17,69,8:00:00 am to 10:00:00 am,PUERTO PUBLIC MARKET
Market,PUERTO PUBLIC MARKET,Puerto Public Market,472360.3831,939844.5926,6,26,17,30,10:00:00 am to 12:00:00 pm,PUERTO PUBLIC MARKET
Market,PUERTO PUBLIC MARKET,Puerto Public Market,472360.3831,939844.5926,6,30,17,42,12:00:00 pm to 3:00:00 pm,PUERTO PUBLIC MARKET
Market,PUERTO PUBLIC MARKET,Puerto Public Market,472360.3831,939844.5926,6,29,17,85,3:00:00 pm to 5:00:00 pm,PUERTO PUBLIC MARKET
Market,PUERTO PUBLIC MARKET,Puerto Public Market,472360.3831,939844.5926,6,29,17,85,5:00:00 pm to 7:00:00 pm,PUERTO PUBLIC MARKET
University,UNIVERSITY OF SCIENCE AND TECHNOLOGY OF SOUTHERN PHILIPPINES,University of Science and Technology of Southern Philippines,462010.9393,938412.024,4,26,28,31,8:00:00 am to 10:00:00 am,UNIVERSITY OF SCIENCE AND TECHNOLOGY OF SOUTHERN PHILIPPINES
University,UNIVERSITY OF SCIENCE AND TECHNOLOGY OF SOUTHERN PHILIPPINES,University of Science and Technology of Southern Philippines,462010.9393,938412.024,4,23,28,68,10:00:00 am to 12:00:00 pm,UNIVERSITY OF SCIENCE AND TECHNOLOGY OF SOUTHERN PHILIPPINES
University,UNIVERSITY OF SCIENCE AND TECHNOLOGY OF SOUTHERN PHILIPPINES,University of Science and Technology of Southern Philippines,462010.9393,938412.024,4,22,28,56,12:00:00 pm to 3:00:00 pm,UNIVERSITY OF SCIENCE AND TECHNOLOGY OF SOUTHERN PHILIPPINES
University,UNIVERSITY OF SCIENCE AND TECHNOLOGY OF SOUTHERN PHILIPPINES,University of Science and Technology of Southern Philippines,462010.9393,938412.024,4,34,28,63,3:00:00 pm to 5:00:00 pm,UNIVERSITY OF SCIENCE AND TECHNOLOGY OF SOUTHERN PHILIPPINES
University,UNIVERSITY OF SCIENCE AND TECHNOLOGY OF SOUTHERN PHILIPPINES,University of Science and Technology of Southern Philippines,462010.9393,938412.024,4,37,28,63,5:00:00 pm to 7:00:00 pm,UNIVERSITY OF SCIENCE AND TECHNOLOGY OF SOUTHERN PHILIPPINES
University,XAVIER UNIVERSITY,Xavier University,461007.486,937354.1027,3,19,6,32,8:00:00 am to 10:00:00 am,XAVIER UNIVERSITY
University,XAVIER UNIVERSITY,Xavier University,461007.486,937354.1027,3,22,6,46,10:00:00 am to 12:00:00 pm,XAVIER UNIVERSITY
University,XAVIER UNIVERSITY,Xavier University,461007.486,937354.1027,3,26,6,53,12:00:00 pm to 3:00:00 pm,XAVIER UNIVERSITY
University,XAVIER UNIVERSITY,Xavier University,461007.486,937354.1027,3,30,6,58,3:00:00 pm to 5:00:00 pm,XAVIER UNIVERSITY
University,XAVIER UNIVERSITY,Xavier University,461007.486,937354.1027,3,32,6,58,5:00:00 pm to 7:00:00 pm,XAVIER UNIVERSITY
University,LICEO DE CAGAYAN UNIVERSITY,Liceo de Cagayan University,460118.6898,938369.3839,4,19,10,56,8:00:00 am to 10:00:00 am,LICEO DE CAGAYAN UNIVERSITY
University,LICEO DE CAGAYAN UNIVERSITY,Liceo de Cagayan University,460118.6898,938369.3839,4,22,10,71,10:00:00 am to 12:00:00 pm,LICEO DE CAGAYAN UNIVERSITY
University,LICEO DE CAGAYAN UNIVERSITY,Liceo de Cagayan University,460118.6898,938369.3839,4,26,10,60,12:00:00 pm to 3:00:00 pm,LICEO DE CAGAYAN UNIVERSITY
University,LICEO DE CAGAYAN UNIVERSITY,Liceo de Cagayan University,460118.6898,938369.3839,4,23,10,64,3:00:00 pm to 5:00:00 pm,LICEO DE CAGAYAN UNIVERSITY
University,LICEO DE CAGAYAN UNIVERSITY,Liceo de Cagayan University,460118.6898,938369.3839,4,31,10,64,5:00:00 pm to 7:00:00 pm,LICEO DE CAGAYAN UNIVERSITY
University,CAPITOL UNIVERSITY,Capitol University,461600.7985,938666.5702,3,13,8,23,8:00:00 am to 10:00:00 am,CAPITOL UNIVERSITY
University,CAPITOL UNIVERSITY,Capitol University,461600.7985,938666.5702,3,15,8,35,10:00:00 am to 12:00:00 pm,CAPITOL UNIVERSITY
University,CAPITOL UNIVERSITY,Capitol University,461600.7985,938666.5702,3,21,8,41,12:00:00 pm to 3:00:00 pm,CAPITOL UNIVERSITY
University,CAPITOL UNIVERSITY,Capitol University,461600.7985,938666.5702,3,27,8,56,3:00:00 pm to 5:00:00 pm,CAPITOL UNIVERSITY
University,CAPITOL UNIVERSITY,Capitol University,461600.7985,938666.5702,3,25,8,56,5:00:00 pm to 7:00:00 pm,CAPITOL UNIVERSITY
University,LOURDES COLLEGE,Lourdes College,460492.5004,937406.8323,4,15,8,23,8:00:00 am to 10:00:00 am,LOURDES COLLEGE
University,LOURDES COLLEGE,Lourdes College,460492.5004,937406.8323,4,20,8,35,10:00:00 am to 12:00:00 pm,LOURDES COLLEGE
University,LOURDES COLLEGE,Lourdes College,460492.5004,937406.8323,4,21,8,41,12:00:00 pm to 3:00:00 pm,LOURDES COLLEGE
University,LOURDES COLLEGE,Lourdes College,460492.5004,937406.8323,4,23,8,56,3:00:00 pm to 5:00:00 pm,LOURDES COLLEGE
University,LOURDES COLLEGE,Lourdes College,460492.5004,937406.8323,4,26,8,56,5:00:00 pm to 7:00:00 pm,LOURDES COLLEGE
Mall,CENTRIO MALL,Centrio Mall,461431.1837,938345.2216,5,26,8,21,8:00:00 am to 10:00:00 am,CENTRIO MALL
Mall,CENTRIO MALL,Centrio Mall,461431.1837,938345.2216,5,34,8,30,10:00:00 am to 12:00:00 pm,CENTRIO MALL
Mall,CENTRIO MALL,Centrio Mall,461431.1837,938345.2216,5,38,8,32,12:00:00 pm to 3:00:00 pm,CENTRIO MALL
Mall,CENTRIO MALL,Centrio Mall,461431.1837,938345.2216,5,46,8,68,3:00:00 pm to 5:00:00 pm,CENTRIO MALL
Mall,CENTRIO MALL,Centrio Mall,461431.1837,938345.2216,5,49,8,68,5:00:00 pm to 7:00:00 pm,CENTRIO MALL
Mall,SM DOWNTOWN PREMIER,SM Downtown Premier,461783.223,938249.0677,5,21,6,23,8:00:00 am to 10:00:00 am,SM DOWNTOWN PREMIER
Mall,SM DOWNTOWN PREMIER,SM Downtown Premier,461783.223,938249.0677,5,31,6,29,10:00:00 am to 12:00:00 pm,SM DOWNTOWN PREMIER
Mall,SM DOWNTOWN PREMIER,SM Downtown Premier,461783.223,938249.0677,5,30,6,28,12:00:00 pm to 3:00:00 pm,SM DOWNTOWN PREMIER
Mall,SM DOWNTOWN PREMIER,SM Downtown Premier,461783.223,938249.0677,5,45,6,58,3:00:00 pm to 5:00:00 pm,SM DOWNTOWN PREMIER
Mall,SM DOWNTOWN PREMIER,SM Downtown Premier,461783.223,938249.0677,5,62,6,58,5:00:00 pm to 7:00:00 pm,SM DOWNTOWN PREMIER
Mall,LIMKETKAI CENTER,Limketkai Center,462012.3708,937923.2243,7,31,3,24,8:00:00 am to 10:00:00 am,LIMKETKAI CENTER
Mall,LIMKETKAI CENTER,Limketkai Center,462012.3708,937923.2243,7,56,3,41,10:00:00 am to 12:00:00 pm,LIMKETKAI CENTER
Mall,LIMKETKAI CENTER,Limketkai Center,462012.3708,937923.2243,7,51,3,44,12:00:00 pm to 3:00:00 pm,LIMKETKAI CENTER
Mall,LIMKETKAI CENTER,Limketkai Center,462012.3708,937923.2243,7,69,3,72,3:00:00 pm to 5:00:00 pm,LIMKETKAI CENTER
Mall,LIMKETKAI CENTER,Limketkai Center,462012.3708,937923.2243,7,72,3,72,5:00:00 pm to 7:00:00 pm,LIMKETKAI CENTER
Mall,GAISANO CITY MALL,Gaisano City Mall,461333.2045,938474.6347,4,22,7,25,8:00:00 am to 10:00:00 am,GAISANO CITY MALL
Mall,GAISANO CITY MALL,Gaisano City Mall,461333.2045,938474.6347,4,42,7,44,10:00:00 am to 12:00:00 pm,GAISANO CITY MALL
Mall,GAISANO CITY MALL,Gaisano City Mall,461333.2045,938474.6347,4,45,7,52,12:00:00 pm to 3:00:00 pm,GAISANO CITY MALL
Mall,GAISANO CITY MALL,Gaisano City Mall,461333.2045,938474.6347,4,43,7,68,3:00:00 pm to 5:00:00 pm,GAISANO CITY MALL
Mall,GAISANO CITY MALL,Gaisano City Mall,461333.2045,938474.6347,4,67,7,68,5:00:00 pm to 7:00:00 pm,GAISANO CITY MALL
Mall,VISTA MALL (ALLHOMES),Vista Mall (AllHomes),461911.6767,937647.4563,2,22,10,22,8:00:00 am to 10:00:00 am,VISTA MALL (ALLHOMES)
Mall,VISTA MALL (ALLHOMES),Vista Mall (AllHomes),461911.6767,937647.4563,2,32,10,34,10:00:00 am to 12:00:00 pm,VISTA MALL (ALLHOMES)
Mall,VISTA MALL (ALLHOMES),Vista Mall (AllHomes),461911.6767,937647.4563,2,31,10,31,12:00:00 pm to 3:00:00 pm,VISTA MALL (ALLHOMES)
Mall,VISTA MALL (ALLHOMES),Vista Mall (AllHomes),461911.6767,937647.4563,2,38,10,45,3:00:00 pm to 5:00:00 pm,VISTA MALL (ALLHOMES)
Mall,VISTA MALL (ALLHOMES),Vista Mall (AllHomes),461911.6767,937647.4563,2,38,10,45,5:00:00 pm to 7:00:00 pm,VISTA MALL (ALLHOMES)
Mall,SM CITY CDO,SM City CDO,461733.3808,938291.5878,7,20,20,24,8:00:00 am to 10:00:00 am,SM CITY CDO
Mall,SM CITY CDO,SM City CDO,461733.3808,938291.5878,7,23,20,37,10:00:00 am to 12:00:00 pm,SM CITY CDO
Mall,SM CITY CDO,SM City CDO,461733.3808,938291.5878,7,18,20,39,12:00:00 pm to 3:00:00 pm,SM CITY CDO
Mall,SM CITY CDO,SM City CDO,461733.3808,938291.5878,7,31,20,52,3:00:00 pm to 5:00:00 pm,SM CITY CDO
Mall,SM CITY CDO,SM City CDO,461733.3808,938291.5878,7,44,20,52,5:00:00 pm to 7:00:00 pm,SM CITY CDO
Mall,GAISANO BULUA,Gaisano Bulua,457221.5715,940407.0521,3,24,14,35,8:00:00 am to 10:00:00 am,GAISANO BULUA
Mall,GAISANO BULUA,Gaisano Bulua,457221.5715,940407.0521,3,27,14,43,10:00:00 am to 12:00:00 pm,GAISANO BULUA
Mall,GAISANO BULUA,Gaisano Bulua,457221.5715,940407.0521,3,22,14,57,12:00:00 pm to 3:00:00 pm,GAISANO BULUA
Mall,GAISANO BULUA,Gaisano Bulua,457221.5715,940407.0521,3,31,14,62,3:00:00 pm to 5:00:00 pm,GAISANO BULUA
Mall,GAISANO BULUA,Gaisano Bulua,457221.5715,940407.0521,3,31,14,62,5:00:00 pm to 7:00:00 pm,GAISANO BULUA
Mall,S&R MEMBERSHIP,S&R Membership,458751.164,940513.6585,2,24,20,13,8:00:00 am to 10:00:00 am,S&R MEMBERSHIP
Mall,S&R MEMBERSHIP,S&R Membership,458751.164,940513.6585,2,35,20,21,10:00:00 am to 12:00:00 pm,S&R MEMBERSHIP
Mall,S&R MEMBERSHIP,S&R Membership,458751.164,940513.6585,2,32,20,24,12:00:00 pm to 3:00:00 pm,S&R MEMBERSHIP
Mall,S&R MEMBERSHIP,S&R Membership,458751.164,940513.6585,2,46,20,31,3:00:00 pm to 5:00:00 pm,S&R MEMBERSHIP
Mall,S&R MEMBERSHIP,S&R Membership,458751.164,940513.6585,2,46,20,31,5:00:00 pm to 7:00:00 pm,S&R MEMBERSHIP
Mall,GAISANO COGON,Gaisano Cogon,461484.1529,937394.3174,3,30,36,43,8:00:00 am to 10:00:00 am,GAISANO COGON
Mall,GAISANO COGON,Gaisano Cogon,461484.1529,937394.3174,3,35,41,51,10:00:00 am to 12:00:00 pm,GAISANO COGON
Mall,GAISANO COGON,Gaisano Cogon,461484.1529,937394.3174,3,32,42,55,12:00:00 pm to 3:00:00 pm,GAISANO COGON
Mall,GAISANO COGON,Gaisano Cogon,461484.1529,937394.3174,3,38,38,78,3:00:00 pm to 5:00:00 pm,GAISANO COGON
Mall,GAISANO COGON,Gaisano Cogon,461484.1529,937394.3174,3,38,39,78,5:00:00 pm to 7:00:00 pm,GAISANO COGON
Mall,ORORAMA SUPER CENTER,Ororama Super Center,461220.0822,937427.5915,4,31,6,34,8:00:00 am to 10:00:00 am,ORORAMA SUPER CENTER
Mall,ORORAMA SUPER CENTER,Ororama Super Center,461220.0822,937427.5915,4,36,6,36,10:00:00 am to 12:00:00 pm,ORORAMA SUPER CENTER
Mall,ORORAMA SUPER CENTER,Ororama Super Center,461220.0822,937427.5915,4,42,6,44,12:00:00 pm to 3:00:00 pm,ORORAMA SUPER CENTER
Mall,ORORAMA SUPER CENTER,Ororama Super Center,461220.0822,937427.5915,4,40,6,71,3:00:00 pm to 5:00:00 pm,ORORAMA SUPER CENTER
Mall,ORORAMA SUPER CENTER,Ororama Super Center,461220.0822,937427.5915,4,56,6,71,5:00:00 pm to 7:00:00 pm,ORORAMA SUPER CENTER
Mall,TH CAGAYAN INC.,TH Cagayan Inc.,461432.424,937409.8331,3,22,2,18,8:00:00 am to 10:00:00 am,TH CAGAYAN INC.
Mall,TH CAGAYAN INC.,TH Cagayan Inc.,461432.424,937409.8331,3,25,2,22,10:00:00 am to 12:00:00 pm,TH CAGAYAN INC.
Mall,TH CAGAYAN INC.,TH Cagayan Inc.,461432.424,937409.8331,3,36,2,34,12:00:00 pm to 3:00:00 pm,TH CAGAYAN INC.
Mall,TH CAGAYAN INC.,TH Cagayan Inc.,461432.424,937409.8331,3,43,2,31,3:00:00 pm to 5:00:00 pm,TH CAGAYAN INC.
Mall,TH CAGAYAN INC.,TH Cagayan Inc.,461432.424,937409.8331,3,56,2,31,5:00:00 pm to 7:00:00 pm,TH CAGAYAN INC.
Mall,UNICITY,UniCity,461429.0998,937865.2629,3,19,7,15,8:00:00 am to 10:00:00 am,UNICITY
Mall,UNICITY,UniCity,461429.0998,937865.2629,3,22,7,24,10:00:00 am to 12:00:00 pm,UNICITY
Mall,UNICITY,UniCity,461429.0998,937865.2629,3,21,7,26,12:00:00 pm to 3:00:00 pm,UNICITY
Mall,UNICITY,UniCity,461429.0998,937865.2629,3,25,7,29,3:00:00 pm to 5:00:00 pm,UNICITY
Mall,UNICITY,UniCity,461429.0998,937865.2629,3,45,7,29,5:00:00 pm to 7:00:00 pm,UNICITY
Mall,GAISANO CARMEN,Gaisano Carmen,459761.4808,937717.5133,4,22,1,28,8:00:00 am to 10:00:00 am,GAISANO CARMEN
Mall,GAISANO CARMEN,Gaisano Carmen,459761.4808,937717.5133,4,26,1,37,10:00:00 am to 12:00:00 pm,GAISANO CARMEN
Mall,GAISANO CARMEN,Gaisano Carmen,459761.4808,937717.5133,4,24,1,35,12:00:00 pm to 3:00:00 pm,GAISANO CARMEN
Mall,GAISANO CARMEN,Gaisano Carmen,459761.4808,937717.5133,4,51,1,66,3:00:00 pm to 5:00:00 pm,GAISANO CARMEN
Mall,GAISANO CARMEN,Gaisano Carmen,459761.4808,937717.5133,4,57,1,66,5:00:00 pm to 7:00:00 pm,GAISANO CARMEN
Mall,ORORAMA CARMEN,Ororama Carmen,459939.9213,937751.3007,2,21,3,17,8:00:00 am to 10:00:00 am,ORORAMA CARMEN
Mall,ORORAMA CARMEN,Ororama Carmen,459939.9213,937751.3007,2,26,3,35,10:00:00 am to 12:00:00 pm,ORORAMA CARMEN
Mall,ORORAMA CARMEN,Ororama Carmen,459939.9213,937751.3007,2,27,3,44,12:00:00 pm to 3:00:00 pm,ORORAMA CARMEN
Mall,ORORAMA CARMEN,Ororama Carmen,459939.9213,937751.3007,2,34,3,52,3:00:00 pm to 5:00:00 pm,ORORAMA CARMEN
Mall,ORORAMA CARMEN,Ororama Carmen,459939.9213,937751.3007,2,45,3,52,5:00:00 pm to 7:00:00 pm,ORORAMA CARMEN
Mall,UNITOP CARMEN,Unitop Carmen,459829.9134,937786.2962,5,24,3,20,8:00:00 am to 10:00:00 am,UNITOP CARMEN
Mall,UNITOP CARMEN,Unitop Carmen,459829.9134,937786.2962,5,27,3,17,10:00:00 am to 12:00:00 pm,UNITOP CARMEN
Mall,UNITOP CARMEN,Unitop Carmen,459829.9134,937786.2962,5,26,3,25,12:00:00 pm to 3:00:00 pm,UNITOP CARMEN
Mall,UNITOP CARMEN,Unitop Carmen,459829.9134,937786.2962,5,47,3,29,3:00:00 pm to 5:00:00 pm,UNITOP CARMEN
Mall,UNITOP CARMEN,Unitop Carmen,459829.9134,937786.2962,5,51,3,29,5:00:00 pm to 7:00:00 pm,UNITOP CARMEN
Mall,UNITOP COGON,Unitop Cogon,461430.3735,937471.0085,4,25,2,21,8:00:00 am to 10:00:00 am,UNITOP COGON
Mall,UNITOP COGON,Unitop Cogon,461430.3735,937471.0085,4,30,2,43,10:00:00 am to 12:00:00 pm,UNITOP COGON
Mall,UNITOP COGON,Unitop Cogon,461430.3735,937471.0085,4,32,2,42,12:00:00 pm to 3:00:00 pm,UNITOP COGON
Mall,UNITOP COGON,Unitop Cogon,461430.3735,937471.0085,4,36,2,63,3:00:00 pm to 5:00:00 pm,UNITOP COGON
Mall,UNITOP COGON,Unitop Cogon,461430.3735,937471.0085,4,31,2,63,5:00:00 pm to 7:00:00 pm,UNITOP COGON
Mall,CITYMALL BULUA,CityMall Bulua,458274.0989,941277.117,5,14,15,23,8:00:00 am to 10:00:00 am,CITYMALL BULUA
Mall,CITYMALL BULUA,CityMall Bulua,458274.0989,941277.117,5,18,15,27,10:00:00 am to 12:00:00 pm,CITYMALL BULUA
Mall,CITYMALL BULUA,CityMall Bulua,458274.0989,941277.117,5,21,15,32,12:00:00 pm to 3:00:00 pm,CITYMALL BULUA
Mall,CITYMALL BULUA,CityMall Bulua,458274.0989,941277.117,5,27,15,53,3:00:00 pm to 5:00:00 pm,CITYMALL BULUA
Mall,CITYMALL BULUA,CityMall Bulua,458274.0989,941277.117,5,27,15,53,5:00:00 pm to 7:00:00 pm,CITYMALL BULUA
Mall,CITYMALL IPONAN,CityMall Iponan,455999.4065,940338.8993,3,14,15,22,8:00:00 am to 10:00:00 am,CITYMALL IPONAN
Mall,CITYMALL IPONAN,CityMall Iponan,455999.4065,940338.8993,3,17,15,35,10:00:00 am to 12:00:00 pm,CITYMALL IPONAN
Mall,CITYMALL IPONAN,CityMall Iponan,455999.4065,940338.8993,3,21,15,37,12:00:00 pm to 3:00:00 pm,CITYMALL IPONAN
Mall,CITYMALL IPONAN,CityMall Iponan,455999.4065,940338.8993,3,24,15,56,3:00:00 pm to 5:00:00 pm,CITYMALL IPONAN
Mall,CITYMALL IPONAN,CityMall Iponan,455999.4065,940338.8993,3,24,15,56,5:00:00 pm to 7:00:00 pm,CITYMALL IPONAN
Mall,KAKING CARMEN,Kaking Carmen,459869.6059,937672.2851,4,22,4,18,8:00:00 am to 10:00:00 am,KAKING CARMEN
Mall,KAKING CARMEN,Kaking Carmen,459869.6059,937672.2851,4,28,4,14,10:00:00 am to 12:00:00 pm,KAKING CARMEN
Mall,KAKING CARMEN,Kaking Carmen,459869.6059,937672.2851,4,32,4,31,12:00:00 pm to 3:00:00 pm,KAKING CARMEN
Mall,KAKING CARMEN,Kaking Carmen,459869.6059,937672.2851,4,35,4,33,3:00:00 pm to 5:00:00 pm,KAKING CARMEN
Mall,KAKING CARMEN,Kaking Carmen,459869.6059,937672.2851,4,35,4,33,5:00:00 pm to 7:00:00 pm,KAKING CARMEN
Mall,KAKING COGON,Kaking Cogon,461549.7757,937338.5492,4,15,8,24,8:00:00 am to 10:00:00 am,KAKING COGON
Mall,KAKING COGON,Kaking Cogon,461549.7757,937338.5492,4,24,8,44,10:00:00 am to 12:00:00 pm,KAKING COGON
Mall,KAKING COGON,Kaking Cogon,461549.7757,937338.5492,4,27,8,42,12:00:00 pm to 3:00:00 pm,KAKING COGON
Mall,KAKING COGON,Kaking Cogon,461549.7757,937338.5492,4,30,8,59,3:00:00 pm to 5:00:00 pm,KAKING COGON
Mall,KAKING COGON,Kaking Cogon,461549.7757,937338.5492,4,30,8,59,5:00:00 pm to 7:00:00 pm,KAKING COGON
Mall,GAISANO PUERTO,Gaisano Puerto,472507.9787,939984.3853,3,12,16,31,8:00:00 am to 10:00:00 am,GAISANO PUERTO
Mall,GAISANO PUERTO,Gaisano Puerto,472507.9787,939984.3853,3,21,16,52,10:00:00 am to 12:00:00 pm,GAISANO PUERTO
Mall,GAISANO PUERTO,Gaisano Puerto,472507.9787,939984.3853,3,22,16,57,12:00:00 pm to 3:00:00 pm,GAISANO PUERTO
Mall,GAISANO PUERTO,Gaisano Puerto,472507.9787,939984.3853,3,24,16,72,3:00:00 pm to 5:00:00 pm,GAISANO PUERTO
Mall,GAISANO PUERTO,Gaisano Puerto,472507.9787,939984.3853,3,24,16,72,5:00:00 pm to 7:00:00 pm,GAISANO PUERTO
Mall,GAISANO MALL,Gaisano Mall,461422.7834,938449.2922,4,17,8,22,8:00:00 am to 10:00:00 am,GAISANO MALL
Mall,GAISANO MALL,Gaisano Mall,461422.7834,938449.2922,4,32,8,42,10:00:00 am to 12:00:00 pm,GAISANO MALL
Mall,GAISANO MALL,Gaisano Mall,461422.7834,938449.2922,4,31,8,57,12:00:00 pm to 3:00:00 pm,GAISANO MALL
Mall,GAISANO MALL,Gaisano Mall,461422.7834,938449.2922,4,26,8,71,3:00:00 pm to 5:00:00 pm,GAISANO MALL
Mall,GAISANO MALL,Gaisano Mall,461422.7834,938449.2922,4,31,8,71,5:00:00 pm to 7:00:00 pm,GAISANO MALL
Mall,GAISANO MALL UPTOWN,Gaisano Mall Uptown,457682.7616,932419.4041,5,11,20,22,8:00:00 am to 10:00:00 am,GAISANO MALL UPTOWN
Mall,GAISANO MALL UPTOWN,Gaisano Mall Uptown,457682.7616,932419.4041,5,15,20,32,10:00:00 am to 12:00:00 pm,GAISANO MALL UPTOWN
Mall,GAISANO MALL UPTOWN,Gaisano Mall Uptown,457682.7616,932419.4041,5,16,20,31,12:00:00 pm to 3:00:00 pm,GAISANO MALL UPTOWN
Mall,GAISANO MALL UPTOWN,Gaisano Mall Uptown,457682.7616,932419.4041,5,18,20,36,3:00:00 pm to 5:00:00 pm,GAISANO MALL UPTOWN
Mall,GAISANO MALL UPTOWN,Gaisano Mall Uptown,457682.7616,932419.4041,5,18,20,36,5:00:00 pm to 7:00:00 pm,GAISANO MALL UPTOWN
Mall,GAISANO CARMEN II,Gaisano Carmen II,459939.1328,937368.9744,3,18,1,37,8:00:00 am to 10:00:00 am,GAISANO CARMEN II
Mall,GAISANO CARMEN II,Gaisano Carmen II,459939.1328,937368.9744,3,25,1,42,10:00:00 am to 12:00:00 pm,GAISANO CARMEN II
Mall,GAISANO CARMEN II,Gaisano Carmen II,459939.1328,937368.9744,3,27,1,51,12:00:00 pm to 3:00:00 pm,GAISANO CARMEN II
Mall,GAISANO CARMEN II,Gaisano Carmen II,459939.1328,937368.9744,3,21,1,62,3:00:00 pm to 5:00:00 pm,GAISANO CARMEN II
Mall,GAISANO CARMEN II,Gaisano Carmen II,459939.1328,937368.9744,3,21,1,62,5:00:00 pm to 7:00:00 pm,GAISANO CARMEN II
Mall,SAVEMORE KAUSWAGAN,Savemore Kauswagan,460115.8852,938783.9109,6,15,20,25,8:00:00 am to 10:00:00 am,SAVEMORE KAUSWAGAN
Mall,SAVEMORE KAUSWAGAN,Savemore Kauswagan,460115.8852,938783.9109,6,25,20,36,10:00:00 am to 12:00:00 pm,SAVEMORE KAUSWAGAN
Mall,SAVEMORE KAUSWAGAN,Savemore Kauswagan,460115.8852,938783.9109,6,36,20,44,12:00:00 pm to 3:00:00 pm,SAVEMORE KAUSWAGAN
Mall,SAVEMORE KAUSWAGAN,Savemore Kauswagan,460115.8852,938783.9109,6,39,20,72,3:00:00 pm to 5:00:00 pm,SAVEMORE KAUSWAGAN
Mall,SAVEMORE KAUSWAGAN,Savemore Kauswagan,460115.8852,938783.9109,6,41,20,72,5:00:00 pm to 7:00:00 pm,SAVEMORE KAUSWAGAN
Mall,SAVEMORE CAPISTRANO,Savemore Capistrano,460582.6331,937800.6424,4,19,10,24,8:00:00 am to 10:00:00 am,SAVEMORE CAPISTRANO
Mall,SAVEMORE CAPISTRANO,Savemore Capistrano,460582.6331,937800.6424,4,25,10,39,10:00:00 am to 12:00:00 pm,SAVEMORE CAPISTRANO
Mall,SAVEMORE CAPISTRANO,Savemore Capistrano,460582.6331,937800.6424,4,27,10,57,12:00:00 pm to 3:00:00 pm,SAVEMORE CAPISTRANO
Mall,SAVEMORE CAPISTRANO,Savemore Capistrano,460582.6331,937800.6424,4,31,10,69,3:00:00 pm to 5:00:00 pm,SAVEMORE CAPISTRANO
Mall,SAVEMORE CAPISTRANO,Savemore Capistrano,460582.6331,937800.6424,4,31,10,69,5:00:00 pm to 7:00:00 pm,SAVEMORE CAPISTRANO
Mall,TH CAGAYAN PUERTO,TH Cagayan Puerto,472424.5802,940069.4193,3,12,20,14,8:00:00 am to 10:00:00 am,TH CAGAYAN PUERTO
Mall,TH CAGAYAN PUERTO,TH Cagayan Puerto,472424.5802,940069.4193,3,16,20,21,10:00:00 am to 12:00:00 pm,TH CAGAYAN PUERTO
Mall,TH CAGAYAN PUERTO,TH Cagayan Puerto,472424.5802,940069.4193,3,24,20,22,12:00:00 pm to 3:00:00 pm,TH CAGAYAN PUERTO
Mall,TH CAGAYAN PUERTO,TH Cagayan Puerto,472424.5802,940069.4193,3,26,20,42,3:00:00 pm to 5:00:00 pm,TH CAGAYAN PUERTO
Mall,TH CAGAYAN PUERTO,TH Cagayan Puerto,472424.5802,940069.4193,3,23,20,42,5:00:00 pm to 7:00:00 pm,TH CAGAYAN PUERTO
Terminal,AGFA,Agfa,461056.218,938492.4934,4,12,20,14,8:00:00 am to 10:00:00 am,AGFA
Terminal,AGFA,Agfa,461056.218,938492.4934,4,16,20,21,10:00:00 am to 12:00:00 pm,AGFA
Terminal,AGFA,Agfa,461056.218,938492.4934,4,24,20,22,12:00:00 pm to 3:00:00 pm,AGFA
Terminal,AGFA,Agfa,461056.218,938492.4934,4,26,20,42,3:00:00 pm to 5:00:00 pm,AGFA
Terminal,AGFA,Agfa,461056.218,938492.4934,4,31,20,42,5:00:00 pm to 7:00:00 pm,AGFA
Road,RIO DE ORO BLVD,Rio de Oro Boulevard,460580.0926,938761.9569,3,12,20,14,8:00:00 am to 10:00:00 am,RIO DE ORO BLVD
Road,RIO DE ORO BLVD,Rio de Oro Boulevard,460580.0926,938761.9569,3,16,20,21,10:00:00 am to 12:00:00 pm,RIO DE ORO BLVD
Road,RIO DE ORO BLVD,Rio de Oro Boulevard,460580.0926,938761.9569,3,24,20,22,12:00:00 pm to 3:00:00 pm,RIO DE ORO BLVD
Road,RIO DE ORO BLVD,Rio de Oro Boulevard,460580.0926,938761.9569,3,26,20,42,3:00:00 pm to 5:00:00 pm,RIO DE ORO BLVD
Road,RIO DE ORO BLVD,Rio de Oro Boulevard,460580.0926,938761.9569,3,26,20,42,5:00:00 pm to 7:00:00 pm,RIO DE ORO BLVD
